Name,Phone,Plan,Status,Amount,Expiry
"RahulSharma","8929809035","Student","active",1,"2026-07-10"
"RohanSingh","8262495009","Student + PT","active",2001,"2026-08-27"
"PriyaNair","7166973774","Student","active",1,"2026-06-21"
"PriyaSharma","7120274746","Student + PT","active",2001,"2026-07-24"
"RohanRaj","7210673192","Student + PT","expired",2001,"2026-04-07"
"KavyaReddy","9407017229","Monthly GYM + PT","active",3000,"2026-05-31"
"MeeraDas","7369733216","Student","expired",1,"2026-04-01"
"ArjunGupta","9238946705","Monthly GYM + PT","active",3000,"2026-06-25"
"RituIyer","7967683912","Student","expired",1,"2026-04-07"
"SanjanaIyer","9552450206","Student","active",1,"2026-06-27"
"SnehaKumar","7476058852","Student + PT","active",2001,"2026-06-16"
"RohanSharma","8167236216","Student + PT","active",2001,"2026-06-12"
"PriyaJoshi","9983739148","Student + PT","active",2001,"2026-09-12"
"RahulReddy","7372561606","Student + PT","active",2001,"2026-09-03"
"AchuVerma","8646319615","Monthly GYM + PT","active",3000,"2026-08-26"
"ManojReddy","9667563366","Student","active",1,"2026-08-30"
"SureshPillai","9215551537","Student + PT","active",2001,"2026-06-05"
"KarthikPillai","7964747175","Monthly GYM","expired",1,"2026-04-12"
"DeepakPatel","9127475558","Student","active",1,"2026-05-06"
"DivyaVerma","9756850506","Student + PT","active",2001,"2026-04-16"
"AnjaliRaj","7636790164","Student + PT","active",2001,"2026-05-11"
"SanjanaReddy","7447339497","Monthly GYM + PT","active",3000,"2026-05-01"
"SureshJoshi","7440810321","Student + PT","active",2001,"2026-07-22"
"KarthikPillai","8769820380","Student + PT","active",2001,"2026-09-18"
"ArjunSingh","9477063136","Student","expired",1,"2026-03-27"
"KavyaIyer","8008165115","Monthly GYM","active",1,"2026-07-29"
"KavyaReddy","9669500819","Monthly GYM","active",1,"2026-07-06"
"RohanVerma","8491656106","Monthly GYM","active",1,"2026-10-06"
"RohanVerma","7322118183","Student","active",1,"2026-09-29"
"KavyaRaj","9458330756","Student + PT","expired",2001,"2026-04-10"
"KavyaSingh","9204735110","Monthly GYM + PT","active",3000,"2026-04-29"
"KavyaPatel","8115445582","Monthly GYM","active",1,"2026-05-09"
"DeepakGupta","8145464620","Student + PT","expired",2001,"2026-04-09"
"AswinGupta","9633161173","Monthly GYM","active",1,"2026-06-28"
"VikramNair","7649749227","Monthly GYM + PT","active",3000,"2026-06-27"
"RituSharma","7206584028","Monthly GYM + PT","active",3000,"2026-08-16"
"RohanIyer","8902754930","Monthly GYM","active",1,"2026-06-24"
"ArjunGupta","7628339251","Student","active",1,"2026-08-26"
"SanjanaJoshi","8883543011","Student + PT","expired",2001,"2026-04-11"
"ArjunReddy","8038903372","Monthly GYM + PT","active",3000,"2026-04-13"
"PriyaReddy","7279378361","Student","expired",1,"2026-04-05"
"SnehaPillai","8196228817","Monthly GYM + PT","active",3000,"2026-07-27"
"ManojGupta","7623278777","Student + PT","active",2001,"2026-06-28"
"MeeraKhanna","9566951295","Student","active",1,"2026-08-07"
"KarthikVerma","8670815097","Student","active",1,"2026-07-08"
"DivyaKhanna","7477433311","Monthly GYM","active",1,"2026-05-08"
"RohanJoshi","8903171603","Student","active",1,"2026-05-28"
"SnehaKumar","9653523296","Student","active",1,"2026-05-17"
"ArjunReddy","8748272087","Student + PT","active",2001,"2026-07-01"
"AnjaliIyer","9293210532","Monthly GYM + PT","expired",3000,"2026-03-27"
"SanjanaDas","8722786798","Monthly GYM","active",1,"2026-07-08"
"RohanDas","9989613551","Monthly GYM + PT","active",3000,"2026-07-01"
"AnjaliNair","7031903494","Monthly GYM + PT","active",3000,"2026-10-09"
"RahulNair","7695199711","Student + PT","active",2001,"2026-05-24"
"DivyaPatel","7332836179","Student + PT","active",2001,"2026-05-23"
"AmalReddy","9815024659","Student","active",1,"2026-06-05"
"RohanKhanna","7704833340","Monthly GYM + PT","active",3000,"2026-08-11"
"AswinMenon","9294282993","Student + PT","active",2001,"2026-09-09"
"ManojDas","8045079171","Monthly GYM","active",1,"2026-09-23"
"KavyaPillai","8374236235","Student + PT","active",2001,"2026-07-29"
"MeeraDas","9088250496","Monthly GYM + PT","active",3000,"2026-05-21"
"ArjunRaj","7887196043","Student + PT","active",2001,"2026-08-02"
"AdwaithReddy","9833429950","Student + PT","active",2001,"2026-07-12"
"RahulSharma","9826077198","Monthly GYM","active",1,"2026-09-27"
"RohanIyer","9348603677","Monthly GYM","active",1,"2026-06-11"
"KavyaSharma","8993394568","Monthly GYM + PT","active",3000,"2026-09-27"
"AdwaithPatel","9524869268","Student","active",1,"2026-06-25"
"MeeraPillai","9525091082","Student + PT","expired",2001,"2026-04-02"
"AnjaliPillai","7590045984","Student + PT","expired",2001,"2026-03-29"
"SureshPillai","7570348213","Student + PT","active",2001,"2026-10-04"
"AnjaliIyer","8793405230","Student","active",1,"2026-07-02"
"AswinKumar","7446995392","Monthly GYM","active",1,"2026-05-26"
"SnehaKumar","8444103781","Student","active",1,"2026-09-17"
"DeepakPatel","8218738985","Monthly GYM + PT","active",3000,"2026-07-03"
"AnjaliVerma","7140406603","Student","active",1,"2026-04-24"
"DeepakNair","7134299714","Student + PT","active",2001,"2026-09-26"
"VikramNair","7741979829","Monthly GYM + PT","active",3000,"2026-08-22"
"RituGupta","8403564582","Student","active",1,"2026-04-18"
"SanjanaNair","8035458058","Monthly GYM + PT","active",3000,"2026-06-03"
"DivyaIyer","7609712464","Monthly GYM + PT","active",3000,"2026-07-24"
"PriyaDas","9442261961","Student + PT","active",2001,"2026-08-16"
"AdwaithMenon","8120092502","Student","active",1,"2026-05-26"
"SureshDas","7476082639","Monthly GYM + PT","active",3000,"2026-09-16"
"KavyaSingh","7960344244","Student + PT","active",2001,"2026-05-25"
"AchuKhanna","8713554824","Monthly GYM","active",1,"2026-07-16"
"DeepakDas","8096083217","Student","expired",1,"2026-03-28"
"SnehaSingh","8263765997","Monthly GYM","active",1,"2026-07-10"
"MeeraKhanna","7005171267","Monthly GYM + PT","active",3000,"2026-08-29"
"SureshGupta","9771634119","Monthly GYM + PT","active",3000,"2026-06-24"
"ManojMenon","8875320021","Monthly GYM","active",1,"2026-08-05"
"VikramSharma","8374893247","Monthly GYM + PT","expired",3000,"2026-04-10"
"AswinPatel","7159074367","Monthly GYM","active",1,"2026-05-10"
"RahulMenon","8898478979","Student + PT","active",2001,"2026-09-04"
"DivyaNair","7711957391","Monthly GYM + PT","active",3000,"2026-07-31"
"SanjanaVerma","9772118841","Monthly GYM","active",1,"2026-06-14"
"KavyaDas","7568716472","Monthly GYM + PT","active",3000,"2026-07-01"
"AdwaithJoshi","8112570562","Monthly GYM + PT","active",3000,"2026-06-22"
"RituGupta","7639386837","Monthly GYM + PT","active",3000,"2026-06-14"
"RituRaj","8744872503","Student","active",1,"2026-07-11"
"DivyaGupta","7747629847","Monthly GYM","active",1,"2026-07-04"
"SanjanaMenon","9804464136","Student","active",1,"2026-06-27"
"VikramIyer","8423625780","Student + PT","active",2001,"2026-06-12"
"RituRaj","8615763175","Monthly GYM + PT","active",3000,"2026-04-27"
"AdwaithSingh","8105459454","Student","active",1,"2026-08-13"
"RohanDas","9125165488","Student + PT","active",2001,"2026-04-19"
"RahulJoshi","8457026981","Student","active",1,"2026-09-07"
"AdwaithDas","7625903489","Monthly GYM + PT","active",3000,"2026-06-24"
"AdwaithRaj","7449635962","Student + PT","active",2001,"2026-07-05"
"AdwaithRaj","7221459169","Monthly GYM","active",1,"2026-08-20"
"AnjaliJoshi","7146160269","Monthly GYM","active",1,"2026-08-11"
"DivyaReddy","9859446102","Student","active",1,"2026-06-13"
"SnehaMenon","9003771259","Student + PT","active",2001,"2026-08-04"
"KarthikNair","7582797834","Monthly GYM","active",1,"2026-08-24"
"SanjanaSingh","8394903624","Student","active",1,"2026-07-09"
"SnehaKhanna","7071043774","Student","active",1,"2026-07-03"
"RahulPillai","7707110121","Student","active",1,"2026-06-28"
"ArjunVerma","8555511125","Monthly GYM","active",1,"2026-06-10"
"RohanDas","7765655805","Monthly GYM","active",1,"2026-06-22"
"KavyaIyer","8726111734","Student","active",1,"2026-08-09"
"AnjaliKhanna","7705966687","Monthly GYM + PT","active",3000,"2026-07-09"
"DivyaSingh","7231279882","Monthly GYM","expired",1,"2026-03-26"
"KavyaReddy","7261795961","Monthly GYM","active",1,"2026-05-29"
"SureshIyer","7460748416","Student","active",1,"2026-08-27"
"SnehaGupta","9976208661","Monthly GYM","expired",1,"2026-04-04"
"PriyaNair","9924860544","Student","expired",1,"2026-03-24"
"MeeraKumar","8163947906","Monthly GYM","active",1,"2026-06-16"
"ManojPatel","8145909038","Monthly GYM","active",1,"2026-05-07"
"RohanIyer","8772879571","Student + PT","expired",2001,"2026-03-30"
"AchuIyer","9733948310","Monthly GYM","active",1,"2026-08-28"
"RituMenon","9572337938","Monthly GYM + PT","active",3000,"2026-08-14"
"DivyaSingh","8045928671","Student + PT","active",2001,"2026-05-22"
"SnehaReddy","7182958724","Monthly GYM","active",1,"2026-08-21"
"PriyaJoshi","9853926366","Monthly GYM + PT","active",3000,"2026-05-06"
"KarthikJoshi","8221769473","Monthly GYM + PT","active",3000,"2026-09-18"
"SureshIyer","7506600914","Student","active",1,"2026-06-03"
"AmalVerma","9761648533","Student","active",1,"2026-07-13"
"DeepakMenon","8907133215","Student","active",1,"2026-07-29"
"DivyaGupta","9952580418","Student","active",1,"2026-08-12"
"KarthikKumar","9054424313","Monthly GYM","active",1,"2026-08-13"
"SureshKumar","8245558877","Monthly GYM","active",1,"2026-06-29"
"DeepakPillai","9318486914","Monthly GYM","active",1,"2026-08-15"
"SanjanaDas","9848679906","Monthly GYM + PT","active",3000,"2026-08-08"
"PriyaIyer","7057461428","Student","active",1,"2026-04-17"
"RahulSharma","8404115239","Student","active",1,"2026-05-25"
"ArjunNair","9619635905","Monthly GYM + PT","expired",3000,"2026-03-29"
"MeeraReddy","8166121223","Monthly GYM + PT","active",3000,"2026-04-19"
"KavyaJoshi","8614608975","Student + PT","active",2001,"2026-05-20"
"SnehaPillai","9005872189","Student","active",1,"2026-05-29"
"AmalPatel","9286669559","Monthly GYM","active",1,"2026-09-02"
"SureshSharma","8276096851","Student + PT","active",2001,"2026-06-08"
"SureshIyer","7553717576","Student + PT","active",2001,"2026-06-20"
"ArjunPillai","7767418619","Student + PT","active",2001,"2026-07-09"
"KarthikNair","9602889396","Student","active",1,"2026-07-03"
"AnjaliNair","7760010795","Monthly GYM","active",1,"2026-06-29"
"DeepakKumar","7126922795","Monthly GYM + PT","active",3000,"2026-06-27"
"DeepakRaj","7315053612","Monthly GYM","active",1,"2026-08-17"
"ManojVerma","8272724449","Student","active",1,"2026-09-20"
"PriyaJoshi","9675738728","Monthly GYM + PT","active",3000,"2026-08-27"
"AnjaliRaj","7449336509","Monthly GYM + PT","active",3000,"2026-09-09"
"RituPatel","8515533596","Student","active",1,"2026-07-08"
"AnjaliDas","9622015385","Student + PT","active",2001,"2026-04-15"
"SanjanaVerma","8584085484","Student","active",1,"2026-04-21"
"DeepakKumar","8665253207","Monthly GYM","active",1,"2026-05-06"
"KavyaJoshi","8581601773","Monthly GYM + PT","active",3000,"2026-07-27"
"MeeraPatel","8516353863","Monthly GYM + PT","active",3000,"2026-09-09"
"SnehaMenon","9593227679","Student","active",1,"2026-05-20"
"SureshSingh","7703469994","Monthly GYM + PT","active",3000,"2026-05-17"
"RahulDas","8379904493","Student","active",1,"2026-05-10"
"AchuMenon","7819848486","Monthly GYM","active",1,"2026-07-12"
"SnehaGupta","7487343705","Student + PT","active",2001,"2026-05-24"
"AmalMenon","8876438467","Monthly GYM + PT","active",3000,"2026-05-04"
"PriyaJoshi","9700388925","Student","expired",1,"2026-03-31"
"AchuIyer","8130299754","Monthly GYM + PT","active",3000,"2026-06-01"
"DivyaKumar","9166504215","Monthly GYM","active",1,"2026-08-23"
"RahulPatel","7845792747","Student + PT","active",2001,"2026-06-03"
"DeepakMenon","7186576797","Monthly GYM + PT","active",3000,"2026-07-01"
"MeeraKumar","7030715470","Student","active",1,"2026-07-10"
"SureshPillai","9419681622","Monthly GYM + PT","active",3000,"2026-09-09"
"AnjaliMenon","7118319929","Student","expired",1,"2026-04-12"
"PriyaKumar","8261191550","Student + PT","expired",2001,"2026-04-09"
"RahulPillai","8726399282","Student","active",1,"2026-08-13"
"ManojPillai","9924498301","Student + PT","active",2001,"2026-04-27"
"AnjaliPillai","8255633931","Student","active",1,"2026-10-01"
"ArjunVerma","8574987140","Student","active",1,"2026-05-13"
"RohanReddy","8517710264","Monthly GYM","active",1,"2026-07-16"
"ManojReddy","7163428178","Student + PT","active",2001,"2026-09-14"
"MeeraNair","9128197252","Student + PT","active",2001,"2026-10-07"
"SureshKumar","9087595466","Student","active",1,"2026-04-18"
"VikramPillai","8158217531","Student","active",1,"2026-09-23"
"SanjanaKumar","7866913996","Student + PT","active",2001,"2026-08-26"
"DeepakDas","7722799985","Student","active",1,"2026-09-24"
"VikramNair","7309595717","Monthly GYM","active",1,"2026-07-05"
"SureshRaj","8103029804","Monthly GYM","active",1,"2026-06-28"
"SanjanaKhanna","7362467550","Monthly GYM + PT","active",3000,"2026-05-18"
"AswinGupta","8422013554","Monthly GYM","active",1,"2026-05-02"
"ArjunPatel","7204231859","Monthly GYM + PT","active",3000,"2026-09-22"
"DeepakKhanna","7220406260","Monthly GYM","expired",1,"2026-04-08"
"PriyaRaj","9249095929","Student","active",1,"2026-09-03"
"MeeraReddy","9485953539","Student","active",1,"2026-04-16"
"RahulVerma","8235196269","Student","active",1,"2026-07-27"
"AchuSingh","9161909090","Student + PT","active",2001,"2026-06-22"
"ArjunGupta","8001421138","Monthly GYM + PT","active",3000,"2026-08-27"
"ManojSharma","8794373966","Student","active",1,"2026-05-07"
"ManojMenon","9976500103","Student","active",1,"2026-04-21"
"DeepakNair","9618541752","Student + PT","active",2001,"2026-07-15"
"VikramDas","8996072710","Monthly GYM + PT","active",3000,"2026-09-30"
"AmalVerma","9711799982","Monthly GYM + PT","active",3000,"2026-09-29"
"SureshReddy","9483271216","Monthly GYM","active",1,"2026-09-07"
"VikramReddy","8328520390","Monthly GYM + PT","active",3000,"2026-09-28"
"RohanPatel","9238305540","Student","active",1,"2026-05-07"
"DeepakRaj","7270748476","Student + PT","expired",2001,"2026-03-26"
"SanjanaSingh","9052742594","Monthly GYM + PT","active",3000,"2026-04-20"
"KavyaIyer","9497537575","Monthly GYM + PT","active",3000,"2026-05-30"
"AnjaliRaj","9004114262","Monthly GYM","active",1,"2026-06-22"
"SanjanaSingh","7469123140","Student","active",1,"2026-10-05"
"AswinPillai","9888473051","Student + PT","active",2001,"2026-06-22"
"DivyaVerma","8679283450","Student","active",1,"2026-09-26"
"AswinReddy","9079554054","Monthly GYM + PT","active",3000,"2026-08-21"
"AmalSingh","7290839785","Monthly GYM + PT","active",3000,"2026-07-08"
"PriyaJoshi","8029541045","Student","active",1,"2026-09-21"
"AnjaliRaj","9084650127","Monthly GYM + PT","active",3000,"2026-06-13"
"RahulDas","9009407727","Student","active",1,"2026-08-29"
"AswinPillai","9552525186","Student","active",1,"2026-06-22"
"DeepakNair","7554215885","Student + PT","active",2001,"2026-05-16"
"KavyaReddy","8571980529","Monthly GYM","active",1,"2026-08-21"
"AswinKumar","7320734923","Monthly GYM","active",1,"2026-07-16"
"PriyaReddy","7023154470","Monthly GYM + PT","active",3000,"2026-07-13"
"AchuIyer","8715953293","Student + PT","active",2001,"2026-08-13"
"AswinVerma","8486045431","Student + PT","active",2001,"2026-09-01"
"KarthikDas","7328241352","Monthly GYM","active",1,"2026-06-12"
"VikramGupta","9445751866","Monthly GYM","active",1,"2026-09-04"
"DivyaDas","7670015765","Monthly GYM","active",1,"2026-10-03"
"VikramDas","8316468518","Student + PT","expired",2001,"2026-04-08"
"KavyaSingh","9731159022","Monthly GYM","active",1,"2026-08-04"
"SureshPillai","8675273853","Student","active",1,"2026-09-08"
"AchuDas","9836600220","Student","active",1,"2026-08-22"
"PriyaDas","8212610548","Monthly GYM + PT","active",3000,"2026-08-10"
"ManojNair","9302299890","Student","active",1,"2026-04-27"
"ManojJoshi","9865656313","Student + PT","active",2001,"2026-04-17"
"PriyaSharma","7135414978","Student + PT","active",2001,"2026-06-10"
"RohanSharma","9132063770","Monthly GYM + PT","active",3000,"2026-07-16"
"KavyaGupta","7868748719","Monthly GYM","active",1,"2026-08-23"
"DivyaPillai","7395030116","Monthly GYM + PT","active",3000,"2026-07-17"
"MeeraPatel","8800623598","Student","active",1,"2026-04-29"
"SanjanaIyer","7882351831","Monthly GYM + PT","active",3000,"2026-05-17"
"KavyaMenon","9777397879","Student","active",1,"2026-07-07"
"AswinVerma","9138989203","Monthly GYM + PT","active",3000,"2026-06-23"
"ManojKumar","9144111652","Student + PT","active",2001,"2026-08-23"
"AnjaliJoshi","9860627746","Monthly GYM","active",1,"2026-10-04"
"PriyaVerma","8745944623","Monthly GYM","active",1,"2026-05-04"
"KarthikNair","7630618672","Monthly GYM + PT","active",3000,"2026-04-30"
"SureshVerma","7173550200","Monthly GYM","active",1,"2026-04-30"
"AmalKumar","7928568229","Monthly GYM + PT","active",3000,"2026-09-04"
"RituKumar","9694186286","Student","active",1,"2026-08-23"
"DivyaRaj","7289761461","Student + PT","active",2001,"2026-08-18"
"RohanReddy","9432923981","Student + PT","expired",2001,"2026-04-09"
"PriyaDas","9261402155","Student + PT","active",2001,"2026-09-06"
"KarthikPatel","9529148791","Monthly GYM","active",1,"2026-09-30"
"SanjanaGupta","8258824119","Monthly GYM + PT","active",3000,"2026-05-27"
"AmalSingh","9286921130","Monthly GYM","active",1,"2026-06-17"
"DivyaReddy","9046290594","Student","active",1,"2026-09-11"
"AmalKhanna","8073674585","Student + PT","active",2001,"2026-05-12"
"MeeraVerma","8255985814","Monthly GYM + PT","active",3000,"2026-07-31"
"AmalKhanna","7247810574","Student","active",1,"2026-08-08"
"RohanMenon","8675974462","Student + PT","active",2001,"2026-05-03"
"VikramNair","8375550011","Student + PT","active",2001,"2026-05-18"
"AmalRaj","9014095082","Monthly GYM","active",1,"2026-06-10"
"ArjunSharma","8298321376","Monthly GYM + PT","active",3000,"2026-09-20"
"SanjanaPillai","7025456824","Student + PT","active",2001,"2026-06-19"
"VikramGupta","9306895207","Monthly GYM + PT","active",3000,"2026-06-20"
"KavyaVerma","9040778587","Monthly GYM","active",1,"2026-08-10"
"RituGupta","8676747346","Student + PT","active",2001,"2026-07-25"
"AswinPillai","8773770642","Student","active",1,"2026-07-23"
"AmalGupta","9901700781","Student","active",1,"2026-05-08"
"RohanKhanna","8093774959","Student + PT","active",2001,"2026-04-13"
"MeeraSharma","8581241943","Monthly GYM + PT","expired",3000,"2026-03-23"
"AmalIyer","9931679660","Student","active",1,"2026-07-19"
"ArjunDas","7144196943","Student + PT","expired",2001,"2026-03-27"
"AchuKhanna","9076538876","Monthly GYM","active",1,"2026-05-28"
"AchuJoshi","8235042346","Student","active",1,"2026-10-06"
"DivyaJoshi","7971008554","Monthly GYM","active",1,"2026-10-04"
"RahulSharma","8816491808","Monthly GYM","expired",1,"2026-04-09"
"AnjaliMenon","7011724829","Student + PT","active",2001,"2026-06-20"
"DeepakPatel","7449354803","Student","expired",1,"2026-03-28"
"SanjanaJoshi","8916444161","Monthly GYM","active",1,"2026-09-03"
"RahulMenon","9751416793","Monthly GYM","active",1,"2026-05-18"
"PriyaKhanna","8693454998","Student","expired",1,"2026-03-27"
"RituVerma","8859531763","Monthly GYM + PT","active",3000,"2026-08-13"
"ArjunKumar","8496139930","Student","active",1,"2026-08-02"
"ArjunMenon","8186378789","Student","active",1,"2026-09-05"
"AmalPillai","7518652221","Monthly GYM + PT","active",3000,"2026-06-25"
"SureshSingh","7005688863","Monthly GYM + PT","active",3000,"2026-07-20"
"AchuJoshi","9214185277","Monthly GYM","active",1,"2026-04-30"
"DivyaVerma","7076813663","Student + PT","active",2001,"2026-06-16"
"AchuJoshi","8396421481","Monthly GYM + PT","active",3000,"2026-09-13"
"AswinNair","9081001450","Student + PT","active",2001,"2026-04-28"
"ManojIyer","8656799707","Student","active",1,"2026-07-04"
"RituKumar","9333037870","Monthly GYM","active",1,"2026-10-01"
"SanjanaRaj","7001464303","Student + PT","active",2001,"2026-10-05"
"DivyaJoshi","7953431206","Student + PT","active",2001,"2026-06-10"
